{"class0": 0.7626786808803329, "class1": 0.7962428818830742, "class2": 0.7390293949387851, "class3": 0.8143364579479127, "class4": 0.79659771828932, "class5": 0.9310607816285684, "class6": 0.9945783667768119}