{"class0": 0.6635827031586582, "class1": 0.7358996675984208, "class2": 0.7580502554884402, "class3": 0.5995592268068721, "class4": 0.6952693701447861, "class5": 0.9409417465500896, "class6": 0.9852455419608421}