{"class0": 0.7467168835571217, "class1": 0.8384698635440524, "class2": 0.7904711934395349, "class3": 0.7487614659149242, "class4": 0.8709205238834036, "class5": 0.9253470978615822, "class6": 0.9803987106546275}