{"class0": 0.29234172806991676, "class1": 0.43800889956022815, "class2": 0.15545577659079216, "class3": 0.2981333203667158, "class4": 0.5071900655097944, "class5": 0.7793370821172323, "class6": 0.7882659287850766}