{"class0": 0.8415059636167668, "class1": 0.8255004686039227, "class2": 0.6162922869900268, "class3": 0.5990195409706088, "class4": 0.8179227821792725, "class5": 0.9095610693417798, "class6": 0.9583901084077338}