{"class0": 0.8845872536611517, "class1": 0.823628818252055, "class2": 0.8854750222561464, "class3": 0.9624768558280022, "class4": 0.9635240800327249}