{"class0": 0.7611114724309666, "class1": 0.8567861114164149, "class2": 0.7679022673826362, "class3": 0.8310418532091066, "class4": 0.6966563783188146, "class5": 0.9470725797956389, "class6": 0.9720674071598198}