{"class0": 0.7466754960100433, "class1": 0.8054178387857293, "class2": 0.7852640172096443, "class3": 0.7706373162561917, "class4": 0.854287390286557, "class5": 0.9782829453281365, "class6": 0.9692042771065039}