{"class0": 0.7387671172505299, "class1": 0.7533696539314818, "class2": 0.566964637463619, "class3": 0.9986962635952944, "class4": 0.9142173361043652, "class5": 0.4270820323889521, "class6": 0.5590191258755988}