{"class0": 0.8463560235633102, "class1": 0.8790234503026468, "class2": 0.7346018527641792, "class3": 0.7443418535607671, "class4": 0.8821043052075852, "class5": 0.8940566733382492, "class6": 0.9817368930354679}