{"class0": 0.6898339189313776, "class1": 0.7900078988862027, "class2": 0.6106888252207494, "class3": 0.9981693647130492, "class4": 0.9217602159587381, "class5": 0.33247389301489133, "class6": 0.43909759441664675}