{"class0": 0.8256918015109269, "class1": 0.7873078792110154, "class2": 0.6059955774697533, "class3": 0.6185283449468758, "class4": 0.7888098472045658, "class5": 0.8176661156951427, "class6": 0.915865337219714}