{
    "class0": 1.0,
    "class1": 0.8845872536611517,
    "class2": 1.0,
    "class3": 0.823628818252055,
    "class4": 0.8854750222561464,
    "class5": 0.9624768558280022,
    "class6": 0.9635240800327249
}