{"class0": 0.7205123043082597, "class1": 0.7743012053235692, "class2": 0.7570495036489964, "class3": 0.9983719595887235, "class4": 0.8813233964386411, "class5": 0.3670188010513518, "class6": 0.38498126896179236}