{"class0": 0.7355007541485821, "class1": 0.7814347241628793, "class2": 0.6577804352306391, "class3": 0.9979752174035719, "class4": 0.926316127855611, "class5": 0.4609266473204032, "class6": 0.48248640709578705}