{"class0": 0.7317913515793291, "class1": 0.8096429133706233, "class2": 0.8001428142728854, "class3": 0.64556136471273, "class4": 0.8628671048808434, "class5": 0.9413272937954282, "class6": 0.9733022339909204}