{
    "class0": 0.8613940577875674,
    "class1": 0.762472301646331,
    "class2": 0.7139786276541453,
    "class3": 0.9981991345551139,
    "class4": 0.7690667481523975,
    "class5": 0.45434063593292107,
    "class6": 0.7123989652056592
}