{"class0": 0.6506147953771519, "class1": 0.6802080140459903, "class2": 0.6705326782655843, "class3": 0.9975487975459536, "class4": 0.8895436978189715, "class5": 0.3521156539751542, "class6": 0.5422137618165155}