{"class0": 0.8461542567763738, "class1": 0.7812548217708608, "class2": 0.6913944787636476, "class3": 0.729303232939446, "class4": 0.7909603277063207, "class5": 0.9426042062119284, "class6": 0.9592886686713313}