{"class0": 0.7337811071760094, "class1": 0.7537772681679692, "class2": 0.6501645998184475, "class3": 0.7681433778855528, "class4": 0.6457866200310295, "class5": 0.9244243126514273, "class6": 0.9795815369514222}