{"class0": 0.757681092559553, "class1": 0.6441391141932555, "class2": 0.6021850160351006, "class3": 0.9986220966352853, "class4": 0.9097957873204224, "class5": 0.5150314336273019, "class6": 0.4500337027234753}