{"class0": 0.7161791804871511, "class1": 0.7399118546661478, "class2": 0.7609666712997635, "class3": 0.8553714385699924, "class4": 0.815802025141579, "class5": 0.9528115453492046, "class6": 0.9916801804551634}