{"class0": 0.8048770557173113, "class1": 0.7554158360955404, "class2": 0.6072866392545212, "class3": 0.5600068386588283, "class4": 0.7346932574245024, "class5": 0.938953889036768, "class6": 0.9333145026567455}