{"class0": 0.7619644500678953, "class1": 0.7728054515047187, "class2": 0.6510169147995973, "class3": 0.5971897952679991, "class4": 0.7039313184252798, "class5": 0.9373770146423681, "class6": 0.9744772233984876}