{"class0": 0.0009435045790010938, "class1": 0.0, "class2": 0.0, "class3": 0.998539259309239, "class4": 0.0, "class5": 0.0030074811852860484, "class6": 0.0017534349558327778}