{"class0": 0.8278006409107999, "class1": 0.8485164010526486, "class2": 0.680036573776168, "class3": 0.6828781946861803, "class4": 0.838965783631744, "class5": 0.9340857591727362, "class6": 0.9419091081164815}