{"class0": 0.7997065650487035, "class1": 0.7349248608623475, "class2": 0.5846239587007565, "class3": 0.6196163046433748, "class4": 0.7818852974945407, "class5": 0.9384921739205815, "class6": 0.9296824956796585}