{"class0": 0.8765779987741402, "class1": 0.6895090021714527, "class2": 0.6746968474835728, "class3": 0.6290471967381871, "class4": 0.749954771472586, "class5": 0.9617886864005056, "class6": 0.9730489826731372}