{"class0": 0.7714323441709582, "class1": 0.8622835602318196, "class2": 0.7494443093644877, "class3": 0.767457449790244, "class4": 0.8308617542089942, "class5": 0.8789950489834615, "class6": 0.9745461270983141}